{
  "runs": 3,
  "results": {
    "clean": {"npm": 4.1792313697733325, "yarn": 4.58760255642, "pnpm": 1.01815522468, "aube": 0.8245293410466669},
    "cache": {"npm": 1.54151770066, "yarn": 2.80652666444, "pnpm": 0.8490670381800002, "aube": 0.18708989045333335},
    "lockfile": {"npm": 1.2272460296466667, "yarn": 1.8612557890666668, "pnpm": 0.4806710852266667, "aube": 0.3292526219733333},
    "node_modules": {"npm": 0.26692130360666666, "yarn": 4.206156684753333, "pnpm": null, "aube": 0.9562118261},
    "cache_lockfile_nm": {"npm": 0.21563417947333333, "yarn": 0.13968181071333338, "pnpm": 0.2622622414733334, "aube": 0.04388338466666667},
    "cache_lockfile": {"npm": 0.9198246809866667, "yarn": 0.5515648048666667, "pnpm": 0.4572296805466667, "aube": 0.04887703455333334},
    "cache_nm": {"npm": 0.23451868195333336, "yarn": 2.885764535253333, "pnpm": 0.4653035510866667, "aube": 0.18759387578666667},
    "lockfile_nm": {"npm": 0.2586376542, "yarn": 0.14343447876666668, "pnpm": 0.2786931000333333, "aube": 1.02088910364},
    "update": {"npm": 0.8633411503733335, "yarn": 2.05112011172, "pnpm": 1.3362228730399999, "aube": 0.16160386542000002}
  }
}
